<?xml version="1.0" encoding="UTF-8"?>
<project-private xmlns="http://www.netbeans.org/ns/project-private/1">
    <editor-bookmarks xmlns="http://www.netbeans.org/ns/editor-bookmarks/2" lastBookmarkId="0"/>
    <open-files xmlns="http://www.netbeans.org/ns/projectui-open-files/2">
        <group>
            <file>file:/U:/Netbeans/Week04Q3/ContactList/src/contactlist/FXMLDocument.fxml</file>
            <file>file:/U:/Netbeans/Week04Q3/ContactList/src/contactlist/FXMLDocumentController.java</file>
            <file>file:/U:/Netbeans/Week04Q3/ContactList/src/contactlist/ContactRecord.java</file>
            <file>file:/U:/Netbeans/Week04Q3/ContactList/src/contactlist/ContactList.java</file>
            <file>file:/U:/Netbeans/Week04Q3/ContactList/src/contactlist/ContactListObject.java</file>
        </group>
    </open-files>
</project-private>
