<?xml version="1.0" encoding="UTF-8"?>
<project-private xmlns="http://www.netbeans.org/ns/project-private/1">
    <editor-bookmarks xmlns="http://www.netbeans.org/ns/editor-bookmarks/2" lastBookmarkId="0"/>
    <open-files xmlns="http://www.netbeans.org/ns/projectui-open-files/2">
        <group>
            <file>file:/C:/Users/omalleym/OneDrive%20-%20CQUniversity/U_Drive/CQUni%20-%202021-T1/COIT20256%20Data%20Structures%20and%20Algorithms%20(2021-T1)/Java%20-%20Mike%20O/Week%2009/Netbeans/JavaApplication1/src/javaapplication1/JavaApplication1.java</file>
            <file>file:/C:/Users/omalleym/OneDrive%20-%20CQUniversity/U_Drive/CQUni%20-%202021-T1/COIT20256%20Data%20Structures%20and%20Algorithms%20(2021-T1)/Java%20-%20Mike%20O/Week%2009/Netbeans/JavaApplication1/src/javaapplication1/Image.java</file>
            <file>file:/C:/Users/omalleym/OneDrive%20-%20CQUniversity/U_Drive/CQUni%20-%202021-T1/COIT20256%20Data%20Structures%20and%20Algorithms%20(2021-T1)/Java%20-%20Mike%20O/Week%2009/Netbeans/JavaApplication1/src/javaapplication1/Analyser.java</file>
        </group>
    </open-files>
</project-private>
