<?xml version="1.0" encoding="UTF-8"?>
<project-private xmlns="http://www.netbeans.org/ns/project-private/1">
    <editor-bookmarks xmlns="http://www.netbeans.org/ns/editor-bookmarks/2" lastBookmarkId="0"/>
    <open-files xmlns="http://www.netbeans.org/ns/projectui-open-files/2">
        <group>
            <file>file:/U:/CQUni%20-%202021/COIT20256%20Data%20Structures%20and%20Algorithms%20(2021-T1)/Java%20-%20Mike%20O/Week%2002/Week2Q3/Week2Q3/src/week2q3/Week2Q3.java</file>
            <file>file:/U:/CQUni%20-%202021/COIT20256%20Data%20Structures%20and%20Algorithms%20(2021-T1)/Java%20-%20Mike%20O/Week%2002/Week2Q3/Week2Q3/src/week2q3/BaseCommissionEmployee.java</file>
            <file>file:/U:/CQUni%20-%202021/COIT20256%20Data%20Structures%20and%20Algorithms%20(2021-T1)/Java%20-%20Mike%20O/Week%2002/Week2Q3/Week2Q3/src/week2q3/CommissionEmployee.java</file>
        </group>
    </open-files>
</project-private>
